feature1,feature2,feature3,feature4,feature5,feature6,feature7,feature8,feature9,feature10,feature11,feature12,feature13,feature14,feature15,feature16,feature17,feature18,feature19,feature20,feature21,feature22,feature23,feature24,feature25,feature26,feature27,feature28,feature29,feature30,feature31,feature32,feature33,feature34,feature35,feature36,feature37,feature38,feature39,feature40,feature41,feature42,feature43,feature44,feature45,feature46,feature47,feature48,feature49,feature50,feature51,feature52,feature53,feature54,feature55,feature56,feature57,feature58,feature59,feature60,feature61,feature62,feature63,feature64,feature65,feature66,feature67,feature68,feature69,feature70,feature71,feature72,feature73,feature74,feature75,Class_label
179,164,157,167,136,115,84,87,80,134,63,21,175,171,168,151,133,129,109,102,56,99,98,106,135,44,25,41,32,15,143,128,123,208,164,103,203,156,136,162,156,120,98,88,61,158,146,124,103,26,6,207,183,77,56,84,95,32,17,0,66,56,29,231,230,225,203,198,179,50,58,60,180,176,173,1
223,111,35,232,187,84,242,183,47,190,75,12,146,140,128,132,111,106,228,195,118,47,47,39,51,46,40,116,113,108,140,136,135,129,103,80,117,120,113,100,86,37,150,139,147,206,208,197,78,78,86,189,85,22,238,126,60,71,71,71,45,52,58,119,116,111,8,5,14,72,67,61,144,145,137,1
83,40,6,11,23,0,227,199,30,181,148,107,27,30,35,114,29,0,13,49,71,4,6,19,134,93,29,35,34,16,92,52,42,161,148,95,215,162,112,128,34,22,108,102,54,183,178,174,125,107,35,130,72,22,64,60,59,176,171,167,161,157,145,84,80,69,151,95,48,73,61,23,46,43,36,1
207,202,208,155,164,117,212,179,22,86,93,62,66,71,51,105,74,71,65,59,61,208,210,197,24,26,21,72,84,80,200,190,181,244,245,237,169,163,149,58,69,65,68,74,74,249,250,245,242,238,239,227,217,205,227,214,208,246,242,231,190,173,145,239,217,176,166,128,53,109,91,81,237,226,208,1
177,133,98,44,49,42,170,125,84,127,131,130,114,84,50,157,110,66,87,56,1,125,142,162,110,95,36,61,74,91,146,150,153,102,55,1,111,128,146,231,198,191,55,41,41,231,185,126,52,65,97,123,149,150,162,164,151,52,36,0,112,107,104,212,143,48,63,58,52,65,58,52,67,73,73,1
76,49,30,102,69,62,48,33,54,67,46,55,55,96,126,120,86,61,105,70,38,56,35,14,78,49,15,48,7,3,108,78,52,147,164,184,45,85,121,152,127,122,76,32,5,118,81,37,114,105,108,41,34,41,103,89,1,135,86,53,78,43,24,34,19,0,120,83,54,194,174,149,102,59,43,1
34,30,1,83,78,72,248,248,236,64,61,52,20,0,0,147,95,12,216,178,43,38,0,0,154,170,185,79,86,42,136,85,84,27,27,1,50,71,76,133,159,182,224,186,77,56,56,46,170,110,48,35,4,9,149,178,210,119,99,124,165,135,169,124,155,186,137,141,144,88,124,156,53,41,0,1
177,118,76,225,182,148,187,139,99,10,0,0,55,23,2,86,53,0,217,208,225,128,85,51,87,98,118,28,28,26,130,99,32,133,113,102,217,212,206,122,132,97,240,210,120,75,56,42,230,223,215,227,233,255,176,175,108,212,118,134,87,54,45,165,131,94,47,99,149,144,122,145,56,32,0,1
153,85,84,119,71,51,181,182,168,120,55,49,170,96,95,238,231,225,201,170,124,252,212,90,159,90,85,218,235,251,66,79,113,250,218,55,253,255,244,252,211,97,111,61,0,198,127,105,56,53,44,76,69,63,236,160,207,54,65,0,154,90,0,255,213,48,195,135,109,110,126,116,129,147,147,1
250,251,255,79,91,53,98,108,58,193,172,19,216,159,52,178,132,36,227,210,140,100,51,10,56,38,24,126,79,0,121,58,17,162,142,71,85,54,25,56,17,0,204,173,179,161,132,98,117,92,62,25,1,27,148,133,92,230,222,211,173,144,26,131,112,44,181,162,42,209,172,65,191,131,105,1
152,177,199,80,112,133,60,88,100,231,255,255,67,92,112,88,59,27,41,40,45,54,58,31,173,82,3,217,87,53,110,112,88,76,98,135,120,128,81,244,193,84,233,187,76,0,41,73,33,76,93,61,69,90,69,96,115,33,73,98,97,81,45,82,64,14,66,63,30,186,191,107,169,167,142,1
200,155,0,198,151,61,217,209,62,105,66,0,94,63,6,76,48,1,106,96,71,90,87,68,84,89,82,99,124,144,169,164,132,187,153,105,161,159,147,169,150,92,220,206,133,197,179,167,203,201,206,251,245,219,147,126,73,219,201,199,252,227,137,188,149,80,194,148,124,213,199,126,103,73,21,1
191,122,115,99,84,19,140,140,52,236,197,106,125,107,59,198,153,134,102,77,0,107,105,28,217,194,188,189,184,165,58,39,0,88,66,9,53,33,0,48,33,40,104,113,142,82,54,17,99,66,0,51,38,29,38,30,27,13,0,0,171,140,94,208,184,86,69,77,56,83,79,54,62,25,0,1
59,58,63,100,96,67,224,176,68,234,185,144,133,146,129,88,112,140,157,167,166,215,214,219,147,151,152,198,161,72,75,45,0,192,157,115,217,179,130,217,183,137,250,215,133,182,163,130,253,212,86,124,66,52,93,50,33,85,62,56,195,101,75,251,252,254,120,71,57,107,54,38,119,60,46,1
144,142,93,219,186,153,89,27,2,147,115,76,91,80,35,115,115,65,63,60,15,68,71,28,88,75,43,76,29,1,75,40,0,30,14,0,39,39,1,36,33,2,228,199,121,98,94,49,84,49,30,49,65,20,168,100,65,56,31,1,68,64,0,133,112,93,73,28,0,226,162,116,116,99,89,1
56,84,96,141,110,92,150,114,98,106,137,157,144,172,175,36,33,28,64,62,41,71,97,98,156,106,57,91,67,31,166,140,107,217,193,165,122,122,124,208,112,62,61,32,34,97,67,39,140,120,113,71,70,52,62,71,68,130,83,37,248,182,85,109,107,95,76,58,34,208,206,181,216,119,102,1
200,135,79,203,154,122,120,132,92,124,75,19,196,150,90,188,126,15,137,87,2,184,187,166,211,145,69,95,79,53,165,188,160,255,192,121,126,81,48,135,65,39,174,123,70,62,56,34,172,123,67,141,86,29,234,168,74,158,142,145,218,195,101,106,89,71,201,92,59,238,169,100,85,108,140,1
48,60,74,162,140,117,35,16,10,187,146,84,90,81,66,41,26,0,42,27,0,112,79,0,236,199,30,155,117,55,56,49,39,132,90,18,188,140,55,143,74,0,108,91,75,109,113,125,136,114,127,100,93,65,170,141,49,73,53,18,59,52,36,152,128,56,113,104,65,165,126,71,233,188,157,1
143,89,43,185,134,81,191,148,97,133,74,14,142,100,52,118,74,25,107,83,59,75,23,9,34,30,1,85,50,10,113,69,4,77,76,56,202,86,39,77,70,54,149,112,41,63,56,38,67,61,45,42,59,85,60,56,45,45,41,14,40,33,15,143,133,121,60,58,33,66,59,43,57,50,32,1
102,93,96,49,42,26,65,66,61,91,84,66,130,78,21,50,45,25,139,136,121,157,157,159,103,96,78,35,39,42,74,74,66,73,58,27,72,77,57,101,87,60,118,107,62,39,40,44,89,73,21,188,146,86,167,122,81,92,73,30,40,57,65,55,55,47,49,68,38,90,84,52,62,43,13,1
245,212,105,77,81,58,172,126,77,112,106,90,57,43,40,127,67,17,250,205,150,206,194,146,210,194,143,98,71,44,57,57,31,214,204,203,30,33,16,125,50,11,32,22,0,30,22,0,28,37,46,59,38,17,161,115,91,57,24,0,98,68,8,247,181,43,247,187,28,54,47,41,46,34,10,1
156,174,184,67,83,98,37,29,26,122,140,150,133,124,117,149,112,93,32,29,24,113,68,45,140,130,128,30,20,18,111,63,27,63,35,11,164,131,86,163,117,40,29,38,21,97,55,17,117,128,122,64,30,2,140,154,157,145,115,61,100,76,64,150,103,77,99,125,138,44,27,11,54,64,40,1
85,57,45,94,73,56,106,77,43,151,113,110,103,58,35,81,43,24,81,47,22,199,140,108,229,186,81,116,70,34,0,29,46,69,45,33,58,39,25,187,120,101,82,37,8,44,78,103,238,204,177,71,53,41,59,41,27,88,89,71,152,74,38,67,41,16,186,168,154,60,41,26,39,42,21,1
57,54,47,37,47,36,231,195,73,179,141,30,47,50,29,74,97,111,170,140,20,232,182,51,247,212,112,233,192,86,61,44,34,236,184,20,82,61,32,210,195,198,239,209,77,150,151,143,148,84,48,96,60,0,173,179,177,147,136,118,132,132,122,108,79,61,120,67,35,111,62,29,61,58,43,1
135,151,125,123,116,123,138,112,0,174,164,128,85,106,63,110,127,59,68,45,37,14,21,27,63,71,74,118,119,149,247,208,91,55,135,198,26,86,120,86,74,88,229,237,226,128,91,46,71,52,35,50,38,48,94,62,47,78,93,50,57,51,35,112,84,47,252,223,67,79,55,31,188,162,26,1
195,83,46,76,89,95,106,86,35,52,52,28,74,80,66,83,92,91,71,110,141,52,55,46,117,102,79,97,86,84,117,100,28,74,99,129,86,87,71,88,125,152,99,168,201,94,68,53,161,117,46,139,127,115,170,116,69,88,97,114,64,49,46,60,45,52,255,216,95,112,104,141,70,62,60,1
65,36,20,153,113,26,101,84,90,52,43,38,73,60,69,38,51,83,20,52,67,58,49,34,212,179,112,45,36,19,59,60,46,247,216,151,0,80,118,130,144,155,42,45,50,152,123,83,222,194,84,221,154,67,197,177,153,99,122,154,82,58,32,58,32,19,125,142,172,92,59,40,61,57,30,1
122,99,85,132,123,64,95,52,20,62,40,52,247,211,117,70,82,104,89,64,44,123,96,67,238,200,127,12,4,15,93,79,78,106,156,189,90,65,34,232,206,51,0,1,4,31,46,53,96,84,68,25,27,22,17,30,13,62,30,33,81,70,48,17,87,123,91,61,59,15,19,20,135,121,108,1
237,213,91,93,83,81,56,86,88,70,149,208,60,56,45,107,161,185,77,47,23,77,61,62,100,76,72,49,55,67,57,30,19,150,109,63,245,210,4,247,228,134,132,109,78,119,92,49,120,91,57,195,156,19,150,176,139,91,68,34,206,168,21,55,60,63,72,47,7,89,55,7,74,77,48,1
154,138,112,58,12,0,217,135,157,46,19,8,165,100,68,144,76,31,186,174,4,91,32,38,231,194,27,96,42,6,123,59,23,35,34,13,37,41,24,130,124,92,137,72,32,165,92,60,114,60,24,93,70,29,210,176,128,79,44,22,175,99,65,207,193,158,224,185,146,170,147,139,53,45,26,1
174,67,0,232,134,109,237,184,70,245,206,177,239,200,81,245,226,88,134,91,22,183,88,42,192,133,75,255,244,99,159,66,0,154,74,1,218,108,47,176,70,20,154,46,10,172,62,3,205,159,84,141,94,40,160,159,115,188,102,51,154,132,21,189,74,47,142,76,77,242,209,190,85,69,20,1
155,129,112,89,92,61,80,59,38,106,101,69,72,51,32,75,46,32,197,83,46,219,122,69,222,123,58,174,187,193,214,137,95,159,113,77,186,97,63,124,51,10,155,93,56,169,92,50,187,119,72,177,98,65,121,54,9,173,99,62,149,69,34,205,147,109,238,166,118,184,108,59,179,112,60,1
58,34,34,110,131,92,91,56,37,216,159,78,4,8,11,50,45,3,214,157,104,108,72,20,118,93,62,102,46,19,163,173,149,210,116,62,59,15,0,86,93,41,124,84,74,111,52,0,210,131,74,199,122,78,135,135,109,0,10,0,207,120,49,181,119,62,205,109,59,183,135,53,65,72,54,1
1,0,2,200,183,137,67,63,26,247,247,249,47,64,48,49,55,27,243,202,150,78,68,56,31,82,111,37,54,36,102,84,0,224,208,193,204,184,173,193,164,148,185,168,148,42,39,34,51,112,143,133,52,0,1,26,5,82,120,129,219,210,211,242,134,95,250,216,93,204,143,112,82,87,64,1
77,56,27,66,83,65,213,183,110,159,116,81,80,88,64,87,104,88,141,112,72,77,68,61,163,134,104,121,104,86,186,187,189,241,243,242,232,199,68,239,241,240,52,69,50,204,125,69,212,161,140,221,190,84,246,255,254,104,36,0,201,209,228,123,115,102,195,210,215,160,163,154,142,89,58,1
95,81,70,52,64,54,108,99,94,47,95,133,86,88,75,51,35,0,156,81,41,102,75,58,29,95,127,145,69,35,191,168,154,216,213,206,59,47,23,236,171,51,246,213,106,146,74,24,149,114,82,160,68,31,233,160,125,232,204,45,127,53,28,98,54,27,197,165,140,185,134,68,138,58,25,1
169,97,57,205,214,211,189,163,136,23,2,1,103,107,110,209,188,141,153,87,63,116,41,2,124,102,3,94,59,39,0,0,28,60,67,49,253,227,140,50,46,37,227,181,103,168,206,217,195,171,37,41,22,15,25,1,0,45,67,81,46,105,139,129,49,12,175,86,46,40,56,45,117,160,176,1
54,77,67,17,37,25,41,58,50,63,0,0,36,59,43,64,89,68,36,87,114,76,96,84,73,76,85,35,53,39,237,225,199,216,184,163,188,151,70,125,68,51,236,237,239,210,214,215,255,183,145,233,203,143,215,118,65,217,162,132,227,122,74,229,178,159,253,221,112,140,41,0,207,76,0,1
123,130,34,71,114,146,46,54,33,139,68,4,203,209,205,82,105,79,201,158,124,196,69,54,79,107,92,101,111,121,201,196,92,101,24,0,167,63,0,164,69,13,26,47,0,46,58,22,177,104,51,29,28,0,174,121,69,182,119,68,31,27,0,215,174,120,240,208,105,184,149,107,97,77,66,1
28,25,18,129,174,205,230,230,222,119,173,207,99,140,170,229,173,114,227,144,74,40,53,25,198,131,76,60,120,154,88,137,167,24,24,26,85,72,56,22,20,23,138,172,197,49,42,24,39,35,32,89,71,51,23,18,14,73,62,42,69,68,40,52,66,30,134,125,92,31,36,16,48,56,33,1
51,44,28,72,42,16,227,192,72,136,84,37,61,50,32,171,182,186,21,29,42,62,75,92,68,86,60,91,123,82,43,32,30,63,43,16,105,116,122,93,123,147,200,133,81,77,51,28,206,158,94,160,147,139,219,161,113,218,211,203,25,26,28,166,162,63,110,66,21,240,205,61,45,53,30,1
147,114,95,18,25,9,33,43,16,12,7,1,124,125,119,214,184,156,114,111,102,85,114,128,124,123,121,167,195,207,40,34,18,84,93,74,164,188,200,134,119,26,37,46,27,240,212,86,148,127,60,139,132,122,168,163,121,129,93,41,148,76,17,103,109,75,126,132,98,184,115,58,140,95,54,1
114,75,44,75,82,64,36,44,29,148,167,161,194,162,39,191,135,60,187,148,27,147,84,66,176,79,10,69,73,38,144,88,61,249,211,84,202,99,40,130,85,43,137,114,38,116,135,149,105,59,35,209,139,43,75,48,21,73,63,64,97,51,25,131,84,64,200,179,98,125,65,31,130,101,87,1
125,120,126,176,167,160,151,146,143,221,116,69,113,54,22,141,137,125,106,92,79,81,68,34,203,127,78,234,139,95,255,213,114,246,212,175,212,146,112,148,136,112,240,193,77,160,134,101,88,54,29,228,203,147,126,94,0,105,80,16,141,105,89,155,129,104,242,207,169,200,178,92,191,145,96,1
217,185,172,182,119,101,200,132,69,251,220,104,249,191,154,186,174,160,195,112,62,180,121,55,242,209,106,220,182,101,169,101,52,206,188,176,62,55,36,105,93,55,138,96,36,144,141,124,164,161,146,157,113,102,146,92,82,240,185,85,173,102,50,246,227,169,181,94,51,122,85,0,147,108,53,1
212,156,71,119,114,111,81,64,48,144,139,136,230,159,103,250,209,119,195,106,64,125,45,20,131,98,79,133,74,32,230,176,67,238,153,98,159,127,112,182,101,48,237,189,79,164,162,150,160,138,115,200,152,44,228,206,133,195,176,159,134,112,54,167,118,103,176,133,126,157,103,101,116,107,78,1
125,120,126,176,167,160,151,146,143,221,116,69,113,54,22,141,137,125,106,92,79,81,68,34,203,127,78,234,139,95,255,213,114,246,212,175,212,146,112,148,136,112,240,193,77,160,134,101,88,54,29,228,203,147,126,94,0,105,80,16,141,105,89,155,129,104,242,207,169,200,178,92,191,145,96,1
159,99,45,143,121,110,165,161,158,185,127,87,159,156,79,102,89,21,238,228,219,160,154,104,202,170,59,89,85,14,107,77,39,177,164,122,173,155,131,172,157,118,91,96,29,135,92,41,214,185,143,108,58,31,143,154,122,225,186,111,183,104,63,104,96,49,139,123,72,124,112,70,141,146,54,1
196,178,130,189,148,116,184,101,69,174,150,116,189,159,123,181,173,160,227,224,205,198,192,180,223,206,186,127,96,67,150,131,117,171,156,153,169,150,133,251,242,227,145,98,72,250,228,178,237,223,188,185,90,60,117,99,49,208,150,87,220,204,153,234,228,196,115,98,0,232,209,157,206,155,108,1
216,210,158,164,139,132,247,229,205,223,202,201,198,198,196,147,160,132,103,96,88,147,151,152,211,209,196,123,105,93,214,223,232,145,165,172,116,68,46,130,85,56,125,129,128,210,198,182,160,161,145,145,154,101,243,222,217,226,213,160,212,95,52,153,135,97,87,78,61,224,205,100,127,125,64,1
104,94,43,163,110,44,187,152,172,206,177,101,120,60,26,90,77,33,155,161,157,116,62,28,72,60,46,154,136,132,178,159,90,92,84,73,139,148,131,163,163,153,177,164,129,171,143,93,130,121,90,134,77,47,109,91,69,126,113,79,166,136,66,124,117,101,108,96,110,176,123,149,143,146,139,1
169,168,163,205,202,193,213,207,207,207,207,205,145,103,65,109,108,106,113,92,63,132,117,136,180,139,85,210,208,209,90,100,92,89,78,74,181,179,156,134,121,104,96,79,72,110,120,112,212,189,121,190,183,173,160,144,144,122,74,100,167,163,160,123,111,99,148,147,145,135,73,52,132,61,55,1
198,122,169,118,114,69,178,170,151,93,90,59,162,91,151,185,143,118,126,105,84,160,106,34,97,80,34,199,168,60,164,75,57,76,79,72,185,171,132,147,138,143,75,70,28,116,72,61,139,65,20,82,50,35,178,163,106,115,74,88,139,111,99,135,146,130,104,91,38,67,52,11,103,69,41,1
133,85,71,109,114,94,189,180,173,122,130,119,88,84,73,149,126,146,134,76,56,83,50,31,110,87,45,76,78,73,170,168,155,127,114,69,194,160,62,149,131,93,88,87,83,178,165,130,191,167,119,147,127,136,74,63,35,208,177,131,130,129,101,90,97,90,142,130,116,71,75,76,104,95,54,1
83,79,50,178,162,126,114,85,67,164,162,149,166,99,72,90,67,33,143,140,135,179,172,166,150,92,72,126,119,113,152,142,143,151,92,112,102,97,103,179,117,58,205,168,62,184,160,134,114,110,65,147,71,35,194,180,177,125,123,110,136,132,120,162,127,95,144,141,96,141,146,140,185,188,169,1
161,139,56,141,137,126,170,166,155,205,198,179,233,208,177,140,126,65,99,78,49,224,186,139,221,187,139,180,142,97,130,109,20,216,197,164,195,167,120,175,147,107,195,174,145,68,51,7,117,99,59,136,119,76,141,119,70,112,93,53,176,152,78,197,168,136,143,113,85,177,152,112,131,109,52,1
221,213,194,172,144,105,184,150,102,153,117,83,215,190,160,107,113,109,109,95,66,198,145,101,102,112,113,75,80,84,203,197,181,220,204,171,159,153,137,173,176,155,205,202,185,224,189,149,250,216,179,248,206,156,221,176,143,236,204,166,178,163,140,221,233,231,212,193,153,169,146,96,163,116,62,1
69,71,21,83,97,61,169,103,51,130,110,75,80,49,28,35,42,1,131,149,149,137,123,78,124,96,59,74,62,2,75,84,29,126,85,55,112,61,32,81,102,95,153,146,68,57,63,17,114,132,110,113,120,102,97,66,38,56,58,18,55,58,3,40,53,44,75,93,33,132,72,36,82,97,58,1
137,131,99,60,62,49,223,217,191,32,32,0,112,85,0,90,80,70,171,145,108,133,75,35,182,159,45,106,52,5,61,77,41,149,128,109,207,137,125,174,109,55,75,103,104,62,76,40,178,100,80,202,122,87,148,73,33,86,98,94,86,103,61,152,85,33,162,91,27,181,103,57,120,121,107,1
55,39,23,107,92,69,61,47,2,149,137,121,195,180,157,145,143,120,150,129,100,92,105,52,138,126,100,171,153,141,57,59,45,59,72,42,60,69,40,47,45,33,227,202,109,70,84,49,82,96,61,90,54,30,60,62,51,32,46,0,76,54,41,61,45,32,83,99,52,251,246,217,171,158,139,1
108,55,13,102,116,83,89,119,111,166,133,0,88,103,60,99,110,96,226,217,162,91,102,60,64,56,17,108,93,64,97,85,71,188,188,186,151,148,79,114,126,76,0,19,0,229,215,202,129,121,85,78,90,42,48,55,47,67,78,44,96,87,72,151,164,154,92,94,73,0,0,2,72,80,57,1
59,63,49,25,29,30,73,88,45,142,145,134,47,40,30,45,46,32,123,122,39,160,134,75,126,130,131,124,136,136,76,76,64,55,56,48,53,29,3,73,59,56,177,187,178,77,80,49,59,67,52,48,40,1,200,136,100,66,67,59,159,108,77,153,159,155,62,72,35,69,63,49,76,82,80,1
105,101,28,87,97,47,156,125,96,147,110,81,231,209,149,85,90,0,227,192,136,83,38,5,224,193,85,218,201,145,76,66,7,150,104,29,240,176,52,205,174,110,177,162,139,136,72,11,194,166,59,83,62,35,207,161,63,26,0,1,80,92,6,228,196,135,244,202,162,217,196,151,214,199,168,1
75,89,40,53,64,4,173,166,160,76,86,52,171,166,163,93,106,50,91,101,40,173,138,110,111,76,48,215,183,124,220,212,175,180,126,54,99,75,47,77,68,0,102,51,6,173,130,38,216,180,118,208,143,0,92,76,17,116,26,2,59,40,0,193,168,101,204,134,4,139,129,67,237,195,137,1
123,130,88,37,42,2,90,87,52,36,36,8,145,115,81,97,76,45,137,106,75,156,152,89,147,109,72,140,123,107,92,60,39,174,153,132,139,97,49,89,90,72,138,92,40,106,71,43,164,141,48,157,92,72,241,231,204,184,151,132,94,59,37,143,131,73,212,176,126,255,253,240,171,140,122,1
71,91,40,103,107,84,72,87,20,132,118,43,224,195,139,77,73,38,206,176,124,81,59,36,206,171,117,247,217,167,103,116,70,167,142,102,114,94,57,103,88,7,210,190,69,134,131,34,255,252,232,170,135,116,116,102,102,98,108,118,244,245,211,132,110,73,180,145,81,100,80,11,229,205,115,1
182,172,160,222,211,179,201,154,72,134,137,108,2,0,1,247,209,146,253,222,158,209,164,81,218,220,209,234,196,71,145,158,102,32,2,0,111,82,4,131,76,11,126,57,2,148,77,0,78,83,77,251,210,96,179,142,89,117,54,36,128,118,56,181,146,54,204,172,125,38,27,0,231,159,85,1
112,65,47,234,220,132,102,47,16,123,108,89,78,50,29,72,55,45,68,49,7,78,66,52,197,140,63,76,75,71,84,43,23,34,27,9,161,158,143,86,81,87,83,54,48,68,44,34,37,45,32,50,54,63,104,68,46,49,54,57,34,34,36,31,46,79,108,32,0,58,48,56,96,67,53,1
138,86,46,78,81,60,72,72,46,87,94,60,230,185,156,155,143,131,40,51,19,91,48,42,213,198,167,116,81,41,117,86,31,90,65,35,185,120,92,82,73,40,134,121,104,31,57,84,156,65,36,83,26,7,45,28,34,64,62,84,207,179,132,123,47,23,165,76,44,82,23,19,40,57,77,1
90,67,25,95,56,39,137,127,118,59,66,48,144,133,88,110,101,46,62,59,24,183,127,66,151,110,46,37,51,77,108,85,44,149,139,114,127,66,73,100,44,9,175,169,145,34,20,9,201,192,175,159,152,146,52,45,37,109,80,46,147,106,60,170,153,107,143,105,84,26,45,26,97,44,12,1
202,167,129,124,119,61,200,196,184,58,55,36,129,66,51,129,125,96,42,43,12,27,56,100,177,139,66,87,84,39,92,65,22,68,25,32,60,72,68,221,200,107,26,24,27,76,54,33,83,81,56,99,82,38,77,73,46,8,17,16,205,179,92,151,97,37,229,201,92,9,5,0,54,53,23,1
162,138,104,38,39,31,43,48,52,53,54,23,72,75,48,189,189,161,121,121,95,30,70,105,154,143,81,204,164,129,147,149,125,115,76,45,26,39,83,79,33,9,27,45,55,116,105,101,138,121,91,76,70,36,171,170,152,108,57,64,230,204,117,29,16,0,61,27,15,103,76,46,193,196,187,1
129,93,57,50,45,23,100,107,65,79,84,43,184,150,102,59,37,16,84,60,26,92,64,52,83,77,55,83,57,20,207,195,181,73,46,16,228,171,160,238,221,203,64,50,23,41,63,87,111,37,0,186,81,60,142,100,75,26,28,27,97,65,26,149,85,83,113,86,65,112,120,69,90,92,68,1
207,181,104,108,50,2,102,56,30,119,67,46,68,40,0,143,124,29,181,165,103,85,75,39,233,221,179,226,207,76,216,193,113,20,13,0,33,27,0,48,43,1,93,86,32,134,86,12,126,69,14,122,71,28,116,118,104,102,114,114,96,103,111,218,184,61,57,21,7,164,135,0,33,48,17,1
96,98,25,84,37,0,145,126,70,132,108,48,172,177,85,57,71,0,54,23,2,181,134,44,44,27,17,212,202,107,63,77,0,107,88,58,127,97,33,120,98,61,202,176,102,24,10,0,79,62,32,213,204,195,104,88,65,113,80,49,158,160,76,209,170,105,236,229,211,51,43,30,91,117,46,1
216,182,119,186,168,44,194,161,108,207,171,111,83,71,33,142,154,72,236,229,138,157,120,94,106,94,56,105,95,44,146,105,49,73,51,28,89,85,74,128,111,101,49,46,41,179,134,79,124,91,48,166,158,137,91,82,83,202,161,115,134,119,100,143,108,52,225,213,165,80,80,82,73,77,80,1
110,57,25,133,84,52,121,121,59,80,74,14,105,86,54,230,171,79,198,143,78,53,24,16,217,143,70,217,140,68,48,34,0,133,79,0,220,191,111,227,186,68,151,107,72,135,130,126,114,90,52,174,125,67,54,37,19,135,132,127,136,132,129,144,141,132,141,140,135,33,25,2,120,110,101,1
108,99,68,144,97,55,168,114,67,69,43,16,172,155,101,74,74,48,50,48,36,137,88,55,104,80,56,62,64,61,71,70,22,83,83,83,85,83,86,61,57,54,75,73,48,88,89,93,29,31,30,138,86,46,79,75,72,95,90,87,59,54,48,88,60,12,134,79,25,193,138,47,86,89,96,1
81,76,46,91,55,21,112,66,30,167,113,43,183,133,74,77,45,20,71,64,35,21,31,6,190,132,50,62,28,0,214,143,55,130,95,37,105,70,16,112,76,26,161,91,6,66,13,0,69,38,0,159,128,64,147,107,0,47,8,0,110,81,39,133,87,53,165,156,147,159,150,143,176,158,136,1
118,81,39,167,117,44,148,100,54,73,65,26,143,108,78,96,56,31,90,48,23,178,142,90,203,133,35,153,131,84,117,85,46,121,127,81,214,166,81,85,57,0,200,169,105,184,120,59,76,39,0,216,177,102,156,104,64,208,188,102,69,46,14,100,73,20,67,36,0,68,58,7,98,56,34,1
110,57,25,133,84,52,121,121,59,80,74,14,105,86,54,230,171,79,198,143,78,53,24,16,217,143,70,217,140,68,48,34,0,133,79,0,220,191,111,227,186,68,151,107,72,135,130,126,114,90,52,174,125,67,54,37,19,135,132,127,136,132,129,144,141,132,141,140,135,33,25,2,120,110,101,1
191,174,166,215,193,172,113,97,63,91,122,150,57,60,39,169,154,147,177,142,110,71,33,14,142,95,53,117,67,34,173,156,148,94,88,66,175,148,69,188,115,64,59,63,2,189,172,164,153,115,94,106,80,63,89,37,24,79,80,64,197,182,175,188,168,144,204,183,154,125,126,120,115,72,38,1
165,169,144,134,136,112,178,191,171,140,143,126,84,86,73,63,76,48,115,131,104,100,125,147,20,38,24,182,184,181,139,92,36,162,108,44,87,120,137,128,139,131,152,138,129,58,39,0,123,94,36,129,87,11,226,178,93,111,117,105,78,90,54,45,51,25,69,77,56,122,129,98,107,108,100,1
30,30,32,25,29,30,210,101,62,63,40,34,42,27,24,175,151,125,186,132,106,118,76,64,242,224,202,255,251,242,141,100,80,165,107,85,176,131,112,55,33,22,55,21,9,236,208,99,97,68,12,157,104,88,133,84,69,185,179,95,81,36,15,86,47,30,93,74,60,163,101,90,90,42,32,1
97,121,145,197,202,208,73,75,54,88,90,76,112,108,96,178,179,163,166,187,214,169,136,59,194,176,94,82,75,59,112,99,83,225,189,92,249,205,106,111,85,96,214,186,76,57,31,0,163,153,128,186,162,128,198,207,206,126,143,161,127,78,22,165,113,65,183,137,78,124,91,50,171,188,206,1
0,1,0,101,101,93,42,48,48,59,22,13,18,12,14,142,129,121,196,193,188,92,107,50,135,132,127,152,146,134,195,172,120,42,33,38,69,84,29,54,44,32,170,169,149,170,148,75,120,79,33,45,47,33,44,45,37,1,15,15,100,81,48,154,133,68,58,61,66,62,69,62,104,106,85,0
76,68,66,113,48,28,55,81,104,76,82,48,129,49,22,74,56,32,74,56,46,76,73,40,67,57,22,34,31,12,129,82,62,35,25,0,213,148,58,225,192,141,155,141,106,201,186,101,31,37,25,10,12,25,100,82,46,65,29,7,22,20,0,184,110,65,99,82,30,134,62,40,55,70,29,0
47,70,76,140,145,141,206,161,138,71,70,52,78,53,12,30,36,24,141,80,0,171,141,141,195,157,94,244,213,105,104,149,182,132,92,90,67,4,0,98,43,36,51,37,2,180,74,50,123,55,44,77,55,34,55,48,22,3,1,4,97,20,4,114,73,71,78,65,48,103,83,72,121,128,58,0
158,133,51,91,62,2,228,192,158,139,93,33,229,178,86,35,23,9,108,63,22,216,188,167,102,98,60,128,91,72,107,93,82,147,106,84,173,98,69,191,193,171,77,37,37,2,30,67,82,67,60,82,1,0,84,82,34,89,40,35,137,94,60,130,75,34,134,84,49,130,134,73,81,29,31,0
173,147,86,216,167,62,181,161,12,183,136,44,127,120,68,56,42,3,188,125,71,94,55,22,90,100,91,140,127,95,187,162,95,106,61,2,101,49,9,116,93,49,153,97,50,233,210,98,196,204,189,65,67,62,68,74,70,57,102,125,52,20,7,156,163,145,97,110,116,96,100,103,132,101,46,0
202,175,10,138,137,116,128,123,120,45,41,3,204,196,113,24,0,0,204,192,106,161,139,56,127,105,45,91,79,39,71,59,33,109,106,53,79,55,11,35,18,2,204,177,62,23,2,0,38,26,4,109,115,79,240,192,110,222,193,63,37,25,11,79,48,17,72,56,22,173,156,130,96,104,107,0
168,143,113,72,44,4,55,51,3,144,165,158,89,60,0,232,188,113,38,27,5,96,67,0,60,61,3,76,107,128,176,153,13,146,132,87,184,126,112,150,85,57,248,220,110,128,112,53,125,92,61,110,100,65,81,67,32,56,93,137,129,68,40,149,117,58,98,59,30,106,102,54,233,204,100,0
98,100,112,105,75,47,129,128,100,113,121,110,120,100,3,185,146,55,139,107,50,125,60,20,117,79,43,189,147,63,213,159,50,140,131,90,248,212,74,88,45,2,144,139,101,107,129,140,164,113,84,89,56,15,111,85,50,194,183,121,169,175,131,134,88,52,39,45,43,92,90,33,205,172,79,0
125,117,114,179,180,164,136,64,26,200,181,175,88,88,80,134,119,112,89,33,8,182,155,102,105,110,69,97,50,0,100,99,97,194,155,112,78,55,14,190,174,27,106,63,28,105,98,90,60,40,0,240,212,149,36,29,10,138,120,100,65,46,29,206,197,192,198,201,206,36,34,35,75,78,71,0
149,76,23,223,223,225,118,100,54,119,92,21,84,58,35,184,178,180,71,62,47,51,33,11,222,172,75,185,105,78,157,154,119,136,119,101,229,178,97,105,109,48,172,149,56,91,91,101,231,216,183,96,48,0,118,60,40,83,88,47,156,59,24,145,149,122,127,84,16,133,69,31,125,115,17,0
185,207,230,184,159,58,186,191,195,188,206,220,65,64,46,181,155,138,151,108,4,15,16,0,104,86,66,124,97,16,179,147,126,154,110,3,58,56,35,112,99,57,200,171,93,151,121,97,155,111,6,188,164,102,126,111,68,168,141,60,118,100,86,172,140,41,184,154,82,80,59,14,175,149,75,0
215,170,87,185,160,60,177,118,76,214,163,120,202,160,58,90,51,18,221,194,81,108,64,61,154,134,83,112,73,4,130,57,40,65,67,66,91,67,43,194,162,115,160,152,103,124,78,78,149,88,85,218,162,88,218,174,79,180,84,44,31,20,14,62,63,65,142,90,51,60,40,3,128,145,93,0
148,110,107,102,85,67,207,175,72,120,89,24,103,102,120,172,150,136,145,114,34,82,62,12,159,131,58,167,157,145,55,20,0,129,90,83,98,65,20,61,46,15,213,189,145,78,58,34,63,21,0,49,23,0,66,31,9,17,0,0,150,96,52,184,136,87,138,88,27,209,184,91,148,109,68,0
130,140,67,114,91,0,142,120,34,104,71,56,87,115,155,88,81,97,44,40,39,196,150,62,225,194,140,84,60,26,206,190,201,41,23,11,129,87,3,104,81,27,71,33,0,191,182,175,106,108,42,198,148,77,133,84,51,157,112,53,150,136,127,86,89,2,164,120,57,109,56,25,140,97,55,0
202,139,72,163,110,42,176,113,78,250,188,177,250,242,231,72,78,34,123,133,80,156,77,21,200,134,58,199,180,140,255,254,249,164,158,124,116,52,27,44,37,31,234,168,82,141,100,54,62,45,0,130,68,17,107,106,101,161,114,62,94,78,44,79,71,60,89,35,1,82,45,1,45,46,48,0
97,48,43,103,65,29,25,31,19,54,53,22,87,65,42,40,29,1,121,93,46,68,67,63,187,171,148,128,105,91,188,120,55,116,82,57,91,91,89,166,126,101,126,97,65,61,6,0,147,78,62,239,156,76,108,80,68,86,49,4,125,77,65,48,41,35,194,154,118,255,230,208,98,67,47,0
113,94,79,65,68,41,108,106,67,151,141,79,181,137,100,73,69,44,86,90,53,88,50,5,241,195,182,126,86,27,219,156,77,152,121,64,162,131,100,117,68,51,64,58,22,131,83,45,175,144,54,103,66,37,97,43,5,74,57,11,106,50,3,128,98,0,100,59,27,92,33,1,107,68,37,0
144,145,140,195,205,204,163,169,167,158,108,75,211,222,206,46,51,54,163,148,125,58,83,90,165,177,157,173,174,160,174,105,28,95,43,4,35,31,19,134,114,81,208,210,207,255,225,223,129,62,33,106,90,75,73,54,48,91,74,67,70,19,2,138,81,74,183,185,182,105,71,44,208,169,32,0
218,189,171,210,143,39,103,102,98,51,28,14,156,118,79,79,66,31,214,187,144,106,95,93,132,120,96,62,48,19,61,69,22,234,213,166,36,35,30,131,129,114,50,42,0,34,23,1,207,179,82,111,85,58,77,52,30,111,88,72,89,83,71,178,155,75,53,37,24,140,130,81,79,60,18,0
94,66,45,179,133,97,70,34,18,75,58,32,200,176,140,203,142,79,179,135,106,81,39,1,179,122,51,94,84,49,68,0,1,154,117,88,198,133,53,194,163,99,144,127,39,86,77,62,71,82,42,201,213,191,134,79,49,107,87,18,135,132,97,118,74,49,41,42,0,213,144,105,206,183,165,0
117,75,35,67,22,16,95,66,36,29,0,0,51,26,0,132,53,22,230,190,94,161,105,56,172,139,42,72,56,0,146,67,34,25,23,10,72,29,0,192,152,67,72,60,12,194,85,56,38,50,74,72,83,51,66,38,34,14,21,3,161,84,38,52,62,71,120,127,86,123,64,34,63,74,42,0
176,83,52,132,38,12,116,65,46,152,71,41,154,79,47,130,106,70,108,63,32,171,101,67,179,89,65,174,76,39,40,16,14,224,185,90,103,64,47,18,20,6,159,130,112,39,57,79,72,56,31,152,101,46,82,99,63,85,36,22,137,109,46,133,40,6,116,48,27,78,94,57,64,22,10,0
84,94,44,51,29,5,97,77,44,98,113,72,131,64,22,133,98,78,107,42,12,66,5,0,44,26,22,51,24,0,100,70,16,73,61,37,83,63,36,151,98,66,19,42,73,145,53,54,99,56,24,237,184,80,106,53,35,195,179,117,131,30,34,158,102,43,160,106,6,127,44,30,54,48,52,0
99,6,1,171,83,61,147,127,54,78,42,28,37,10,0,206,164,56,203,182,93,4,10,0,124,93,47,170,127,93,26,57,86,101,43,23,67,83,47,123,57,41,139,113,0,120,35,14,139,88,22,65,87,40,159,82,56,225,187,52,81,38,22,115,75,3,52,56,29,146,66,39,97,24,7,0
149,107,67,107,77,17,23,7,7,123,93,69,215,186,84,133,77,60,15,6,0,25,11,0,92,66,43,174,115,81,66,4,0,100,33,17,39,33,37,126,87,46,99,22,4,89,32,13,24,0,0,15,20,0,60,43,13,107,31,7,110,22,2,112,39,0,55,62,28,38,49,19,101,40,21,0
206,174,61,126,90,42,119,71,35,98,61,8,45,18,1,127,46,17,129,93,69,84,66,54,60,89,121,56,44,6,160,124,102,12,4,25,112,38,29,205,164,38,65,76,44,68,37,8,30,0,0,113,82,54,62,72,38,55,68,50,180,151,49,205,163,55,126,92,54,21,33,13,149,122,79,0
138,111,92,32,29,20,10,11,15,26,8,0,25,8,0,50,23,12,158,122,74,92,107,64,80,48,7,73,40,7,143,116,89,136,93,59,70,83,39,132,83,53,131,74,57,42,67,37,133,98,40,156,133,53,136,105,25,158,69,39,103,118,77,125,83,35,156,106,47,144,101,59,133,53,26,0
117,75,35,67,22,16,95,66,36,29,0,0,51,26,0,132,53,22,230,190,94,161,105,56,172,139,42,72,56,0,146,67,34,25,23,10,72,29,0,192,152,67,72,60,12,194,85,56,38,50,74,72,83,51,66,38,34,14,21,3,161,84,38,52,62,71,120,127,86,123,64,34,63,74,42,0
102,83,17,192,169,101,63,94,123,84,82,87,130,139,156,83,75,39,185,121,85,29,25,24,52,55,46,89,64,57,154,127,100,117,79,40,81,43,6,126,83,49,153,124,94,90,99,56,89,76,8,74,57,29,120,96,96,61,60,39,108,91,47,38,32,8,121,104,96,64,46,8,141,127,124,0
48,60,74,162,140,117,35,16,10,187,146,84,90,81,66,41,26,0,42,27,0,112,79,0,236,199,30,155,117,55,56,49,39,132,90,18,188,140,55,143,74,0,108,91,75,109,113,125,136,114,127,100,93,65,170,141,49,73,53,18,59,52,36,152,128,56,113,104,65,165,126,71,233,188,157,0
55,56,42,72,69,54,156,112,63,70,67,58,40,38,23,198,176,77,252,213,56,64,64,54,245,244,242,169,156,101,221,198,105,240,200,68,228,224,223,245,233,209,87,66,21,60,45,40,75,69,43,236,236,236,138,113,20,42,40,25,53,47,33,150,152,128,59,62,41,47,54,13,50,43,33,0
235,230,224,224,172,150,17,11,0,225,176,146,70,28,3,138,119,86,132,71,52,76,29,0,220,154,130,191,139,30,217,216,214,64,42,31,58,50,48,43,46,53,169,127,43,175,166,167,79,46,27,33,39,55,4,25,42,103,65,29,222,218,219,95,57,36,36,55,70,26,52,67,107,58,26,0
210,205,202,219,159,131,83,72,52,72,50,39,201,154,126,156,132,106,76,44,19,79,52,5,222,158,122,124,55,39,32,53,70,127,122,116,55,59,42,55,44,26,198,138,75,19,54,74,99,94,88,31,32,24,114,57,27,122,51,21,31,58,77,98,93,87,56,66,39,70,35,3,169,130,101,0
150,93,73,125,46,29,208,68,77,165,57,55,215,83,97,156,127,61,215,177,52,77,63,0,182,106,72,137,106,75,165,99,67,178,139,98,39,76,85,70,13,0,82,95,78,163,116,62,143,60,42,29,55,80,145,99,110,80,63,37,60,76,49,141,69,45,81,109,131,87,22,20,152,70,59,0
127,55,31,117,56,25,124,70,36,129,41,5,103,48,27,109,43,11,184,66,36,185,66,24,181,61,24,170,49,22,94,55,50,52,20,5,168,98,49,163,135,111,203,187,172,156,101,36,78,47,27,133,62,30,107,77,15,45,54,35,85,94,77,177,77,53,61,38,24,27,35,46,75,86,69,0
221,191,101,68,41,30,153,52,68,188,61,90,224,189,59,181,144,37,115,56,24,54,32,8,165,86,56,164,120,55,23,51,63,96,27,11,85,48,32,53,80,101,123,26,33,165,186,217,99,64,68,121,55,67,63,49,49,180,48,44,99,71,34,116,60,43,101,57,56,6,19,35,160,57,52,0
119,37,39,150,18,32,217,165,154,165,42,60,212,107,122,48,31,11,191,147,112,219,199,110,55,11,12,68,42,17,231,195,75,176,101,69,41,50,65,58,16,2,90,58,37,146,36,9,94,30,18,30,55,96,108,43,25,25,38,55,132,59,24,114,46,59,16,45,77,83,81,56,9,30,57,0
165,90,58,129,47,26,96,31,27,90,42,30,141,78,47,149,90,60,196,179,161,81,44,26,94,58,32,149,84,56,82,26,3,152,123,117,51,29,8,30,17,0,198,150,150,157,47,22,112,69,50,62,44,24,122,53,46,114,48,52,133,40,7,130,61,66,93,45,25,111,42,26,150,70,79,0
96,74,53,51,29,18,136,21,28,88,61,50,79,45,33,102,36,37,93,48,25,126,69,58,136,65,63,240,200,76,245,201,94,112,47,25,159,20,41,103,55,41,247,222,142,43,60,86,124,51,34,162,33,53,47,39,50,132,54,67,19,40,67,102,30,15,205,84,103,16,32,57,109,36,47,0
126,81,62,212,175,60,113,49,49,190,156,144,167,106,77,124,60,12,92,67,3,54,69,72,220,218,195,110,30,5,27,25,26,33,37,10,88,65,51,74,93,61,111,51,14,162,103,73,130,68,71,48,70,91,95,76,62,140,61,46,131,83,61,121,50,54,63,61,64,255,247,204,104,38,16,0
150,93,73,125,46,29,208,68,77,165,57,55,215,83,97,156,127,61,215,177,52,77,63,0,182,106,72,137,106,75,165,99,67,178,139,98,39,76,85,70,13,0,82,95,78,163,116,62,143,60,42,29,55,80,145,99,110,80,63,37,60,76,49,141,69,45,81,109,131,87,22,20,152,70,59,0
180,124,89,192,180,202,159,113,79,148,146,149,147,109,90,128,68,34,91,57,47,230,167,188,46,27,21,140,77,42,212,145,154,182,150,63,71,33,32,182,144,82,212,155,162,182,151,148,97,38,30,74,33,39,99,46,74,106,85,102,51,13,2,161,97,124,78,32,32,122,101,20,69,16,12,0
134,108,95,215,186,188,145,118,89,155,105,56,104,85,55,111,105,107,108,83,79,120,101,94,242,211,190,249,220,212,183,167,133,104,96,57,36,35,14,82,85,58,81,85,68,162,156,156,136,152,185,211,212,216,228,231,224,231,197,63,165,92,37,149,96,54,115,104,84,119,113,115,176,130,104,0
44,48,47,0,4,0,45,52,60,36,50,35,37,43,43,54,30,4,22,24,23,71,84,100,72,81,54,28,29,0,224,201,169,88,62,35,124,85,28,189,128,71,57,48,7,87,100,47,70,56,17,84,57,14,187,176,60,60,58,45,62,56,30,121,100,73,54,19,0,196,105,32,46,34,0,0
108,95,79,138,114,52,126,92,67,115,92,16,161,127,92,198,177,98,101,89,65,156,143,98,85,65,40,211,187,117,224,187,143,255,227,205,231,202,170,108,81,70,115,105,96,172,154,46,98,75,34,146,113,68,181,143,107,143,79,44,94,31,0,204,199,73,162,120,82,158,106,66,209,175,77,0
133,125,89,110,80,42,239,187,86,170,142,120,255,246,177,89,86,53,252,207,116,251,182,63,72,89,105,241,227,122,34,79,121,182,125,116,242,192,105,241,198,85,37,95,141,194,71,29,195,82,38,84,116,163,194,73,28,213,98,51,152,115,89,136,102,93,228,182,156,143,165,103,192,103,63,0
51,7,0,104,48,35,164,134,136,91,66,70,94,62,67,242,147,115,133,138,35,10,2,0,214,183,41,25,29,32,227,227,229,234,233,231,146,110,50,190,71,28,27,15,3,71,34,16,108,64,37,69,60,1,131,74,65,56,6,0,134,88,73,127,113,14,47,86,85,3,54,101,207,129,65,0
65,48,2,47,34,2,8,3,0,223,165,65,231,170,63,208,166,58,57,48,9,40,59,29,239,206,197,170,79,48,83,68,65,196,92,39,210,82,35,108,90,76,200,203,146,86,63,55,50,40,103,65,51,84,217,84,19,164,132,45,141,115,88,38,38,0,195,198,151,147,94,62,238,190,106,0
91,128,155,198,152,77,219,188,168,149,108,102,159,136,20,231,175,158,236,202,193,151,75,43,24,41,69,217,184,87,251,200,155,133,63,71,254,199,99,45,102,113,152,145,135,202,135,57,137,137,83,206,143,50,179,154,134,96,109,37,239,173,147,152,167,76,236,186,73,183,163,156,95,117,34,0
234,209,187,225,216,217,39,14,7,203,167,167,109,119,46,142,122,72,176,103,62,58,24,22,228,132,107,99,118,39,157,110,80,103,74,44,164,160,149,222,180,44,229,189,91,196,84,44,139,71,52,230,196,186,146,84,47,133,141,55,221,85,33,184,55,0,204,184,177,173,186,114,118,132,44,0
153,122,76,178,119,75,126,124,73,143,135,86,140,109,78,123,131,108,68,66,41,158,69,9,63,46,20,133,52,9,97,66,2,237,175,64,115,52,11,153,123,89,85,56,26,240,184,71,233,163,67,122,44,8,48,71,77,139,63,14,68,53,48,195,117,68,87,74,40,126,117,60,176,150,123,0
85,55,17,163,131,58,105,69,33,18,14,5,103,60,17,93,42,25,113,73,14,107,64,19,63,36,19,157,84,33,236,187,154,57,53,28,108,58,23,77,50,33,159,89,64,73,77,89,63,51,11,132,58,19,219,121,58,207,141,125,72,73,67,173,122,33,134,67,24,180,96,52,114,45,14,0
103,59,34,163,177,177,186,205,211,110,130,129,114,117,108,88,28,0,220,163,50,216,184,159,221,160,77,86,94,83,107,58,28,230,170,58,184,153,132,237,190,100,44,4,0,156,71,42,227,156,52,174,142,91,235,174,57,244,209,189,197,105,68,232,180,78,225,173,71,157,112,45,28,33,27,0
167,130,60,151,108,16,74,67,48,80,51,33,29,36,42,90,53,34,100,53,23,84,39,6,167,83,37,17,20,25,211,122,108,85,52,35,81,46,24,174,95,52,128,148,146,185,78,36,130,70,42,84,47,21,105,29,6,234,176,43,52,10,0,66,91,96,97,64,49,156,63,29,127,79,7,0
155,129,112,89,92,61,80,59,38,106,101,69,72,51,32,75,46,32,197,83,46,219,122,69,222,123,58,174,187,193,214,137,95,159,113,77,186,97,63,124,51,10,155,93,56,169,92,50,187,119,72,177,98,65,121,54,9,173,99,62,149,69,34,205,147,109,238,166,118,184,108,59,179,112,60,0
88,47,15,142,85,56,147,113,52,23,35,21,152,110,68,127,69,57,143,154,94,101,88,33,204,178,93,185,153,102,80,36,35,49,43,21,31,31,43,52,19,14,113,74,67,86,101,120,100,116,67,167,116,50,116,91,84,185,162,95,214,197,105,122,142,89,209,128,62,33,52,33,40,38,43,0
157,106,53,130,109,64,158,87,59,132,117,60,157,109,60,165,124,70,189,158,114,131,101,39,160,82,46,157,113,50,141,112,46,254,167,96,130,136,150,255,225,162,127,100,33,72,15,0,69,39,29,95,75,24,66,53,18,220,186,114,194,174,167,255,248,227,159,94,64,41,40,38,148,89,49,0
127,96,41,223,193,81,210,146,23,116,71,30,127,107,80,189,104,47,74,38,6,109,54,0,200,134,58,161,108,54,175,119,70,50,19,1,255,216,197,215,172,34,151,106,51,113,90,56,174,64,27,151,79,20,243,208,90,173,139,41,74,63,0,149,46,5,170,71,40,80,95,52,79,100,44,0
221,192,72,217,172,45,27,14,21,200,107,50,58,90,111,171,117,70,103,82,35,213,142,110,132,60,45,115,57,35,128,83,41,221,196,166,38,22,0,155,115,53,40,22,8,221,123,58,45,52,45,88,76,64,182,46,22,99,83,34,178,83,37,231,193,108,118,59,27,172,29,0,183,142,86,0
82,71,69,245,229,213,114,63,18,116,79,52,83,67,51,38,66,113,180,126,82,120,56,20,113,68,11,217,220,203,61,52,47,50,70,17,164,120,73,192,100,25,111,67,2,35,30,11,118,88,50,237,200,156,202,183,168,94,36,0,131,113,63,140,68,43,53,35,31,249,230,112,124,97,42,0
222,178,47,225,185,63,99,50,33,138,73,51,224,187,57,214,153,96,214,213,157,129,56,21,66,77,37,255,216,189,160,158,135,86,118,133,255,239,198,182,124,76,140,81,49,139,113,64,201,85,46,163,65,28,152,160,100,244,193,110,129,93,31,142,116,65,227,179,156,151,121,57,186,172,145,0
149,162,144,124,129,109,143,160,144,40,32,9,63,54,25,230,204,177,86,100,47,147,124,106,42,48,20,82,97,64,116,48,29,55,62,21,181,137,98,84,84,60,64,57,38,92,36,13,79,59,32,132,57,38,121,138,94,76,101,59,131,141,89,80,73,29,134,90,43,230,241,224,225,233,220,0
42,14,0,197,131,107,197,123,112,209,136,104,113,113,87,176,152,106,247,221,137,208,181,68,173,143,79,179,185,171,59,43,30,94,69,12,68,46,7,90,65,25,115,114,110,207,182,151,81,51,25,90,71,56,179,162,106,197,199,196,189,157,116,168,152,119,205,194,174,255,245,196,243,247,230,0
126,72,72,134,27,7,144,41,24,178,46,41,90,83,65,100,52,52,103,42,0,130,65,61,163,124,83,65,51,50,53,35,15,179,88,69,145,48,13,106,62,33,120,88,50,143,95,85,114,125,57,30,52,0,118,37,8,106,92,66,83,79,54,123,83,48,157,115,55,140,152,168,128,77,82,0
186,87,81,113,94,52,199,69,67,183,89,79,110,117,73,160,73,46,169,66,51,149,59,24,146,52,27,153,50,35,132,107,53,230,158,74,119,45,36,151,92,94,58,38,14,79,42,26,66,69,58,139,102,47,204,133,147,149,43,19,103,28,0,230,131,72,211,172,105,125,38,46,138,72,48,0
176,64,40,158,71,54,82,29,13,79,20,6,130,68,47,158,35,55,132,47,54,101,31,29,126,87,20,51,21,11,61,43,7,210,129,66,120,39,18,175,131,34,111,32,0,164,115,56,233,140,81,135,52,20,173,121,38,71,66,36,80,22,18,41,54,8,154,77,61,88,84,85,77,81,46,0
131,46,39,138,31,25,127,40,21,148,42,29,161,50,41,215,129,68,131,100,54,153,80,27,62,32,6,217,120,39,122,36,23,79,69,44,150,107,62,137,104,53,128,49,6,156,65,34,174,109,17,144,30,53,67,51,0,143,51,28,92,17,0,127,63,15,132,75,46,180,80,65,82,22,11,0
47,20,0,49,22,0,182,75,55,57,21,7,202,124,75,90,46,11,130,51,34,127,101,64,98,43,22,138,52,0,194,108,57,213,128,71,127,55,17,193,141,101,40,34,0,86,43,34,232,137,73,197,62,59,23,35,35,58,66,25,117,43,18,206,119,66,189,43,46,218,127,74,217,132,68,0
173,117,68,115,59,34,112,61,18,139,91,55,192,126,92,143,77,42,69,40,34,144,102,60,35,14,0,47,23,21,78,60,22,113,76,49,134,142,82,138,104,67,104,82,35,133,88,65,89,110,41,92,108,46,91,24,16,37,49,3,129,49,52,159,170,94,108,36,22,183,84,52,85,94,51,0
133,108,52,136,64,39,71,31,21,154,122,97,175,127,105,101,69,44,81,70,40,166,85,30,105,51,39,123,86,60,117,56,27,34,22,8,174,81,50,91,54,36,76,48,9,184,51,54,64,55,50,216,135,80,129,56,65,97,36,15,169,72,56,119,156,174,145,36,16,166,63,84,192,84,55,0
214,47,55,200,47,50,188,39,35,189,50,43,187,54,45,160,97,66,130,60,24,104,67,23,111,79,30,44,16,13,111,78,24,142,113,69,154,114,52,54,94,120,61,41,0,110,121,65,200,123,53,238,141,86,222,192,130,109,130,87,64,71,20,204,156,71,244,165,106,151,54,47,112,119,67,0
166,168,128,140,136,72,117,75,33,113,98,31,130,138,149,160,152,141,86,75,53,137,84,53,125,104,59,202,155,75,124,113,85,81,67,38,196,179,127,124,99,58,207,209,195,164,155,140,169,151,147,87,61,46,166,163,154,128,111,103,201,182,142,225,220,214,129,79,52,173,169,95,137,115,104,0
209,212,205,189,183,183,189,190,182,199,198,204,190,174,161,186,141,86,161,144,101,200,176,148,94,87,17,183,145,136,172,102,77,156,145,83,201,181,172,58,92,93,159,80,65,86,100,87,181,83,54,57,53,41,182,99,93,80,77,6,155,111,108,189,165,153,122,89,74,214,182,135,134,92,50,0
107,95,83,118,108,99,96,73,65,120,109,91,140,130,129,91,73,59,79,63,40,160,129,101,138,108,84,122,103,88,136,120,105,129,117,93,184,171,152,184,176,157,234,226,207,85,80,77,39,7,0,69,56,40,180,153,62,87,65,41,179,150,84,49,36,27,37,24,0,145,74,70,172,146,123,0
187,187,179,64,72,12,95,62,27,114,112,53,116,72,61,167,156,134,143,125,85,98,63,35,114,95,62,103,68,30,176,133,116,179,175,140,82,47,27,195,168,147,137,116,35,152,91,72,109,96,79,91,48,32,198,171,160,92,82,55,143,98,56,162,167,135,99,58,30,154,134,75,239,204,120,0
174,147,56,198,171,84,107,64,32,95,73,49,178,191,197,239,200,157,194,167,80,114,66,43,111,48,4,168,114,127,121,126,85,131,127,66,64,43,22,179,188,143,61,60,12,197,157,88,132,106,93,115,68,40,22,12,11,123,117,83,106,72,63,150,139,77,83,53,19,90,61,63,68,45,0,0
177,160,134,190,170,161,91,71,60,121,106,83,123,114,83,173,97,81,191,171,160,247,232,203,200,153,97,113,126,132,129,146,140,146,139,95,202,199,156,243,210,179,244,218,159,158,144,69,64,20,0,147,156,161,201,166,138,83,65,45,172,103,88,163,87,55,196,179,161,174,176,93,130,98,111,0
220,220,196,237,222,129,67,35,22,163,159,85,111,108,65,86,83,68,162,145,76,243,179,169,192,202,165,203,202,184,240,236,224,154,148,100,230,197,143,176,135,89,174,110,62,255,255,239,236,157,140,208,194,129,125,125,123,164,105,61,179,177,138,101,93,72,120,122,111,134,117,89,188,141,85,0
51,50,48,63,36,9,165,123,85,152,131,104,49,51,46,178,114,68,105,147,171,151,98,80,160,188,200,255,198,186,226,237,241,165,183,187,184,186,181,106,104,3,141,150,97,201,202,188,186,201,170,169,176,160,210,228,212,111,76,8,50,70,68,189,197,208,193,210,217,192,218,219,46,35,13,0
155,165,104,99,94,64,169,175,163,183,183,175,152,143,134,109,88,43,123,91,53,255,199,169,89,73,73,97,76,33,197,146,83,165,149,64,201,156,99,147,141,117,237,229,210,255,237,227,146,127,120,193,175,171,187,164,158,209,197,185,143,129,94,139,126,74,150,94,43,105,89,63,181,110,90,0
234,218,221,179,169,167,167,151,151,192,174,170,242,224,224,169,149,122,182,157,153,195,179,182,212,191,190,184,162,148,202,159,81,233,204,138,226,188,152,116,95,64,239,193,159,133,135,113,139,142,63,166,119,73,159,124,118,165,102,85,207,183,181,145,62,58,150,92,55,202,156,123,145,144,79,0
133,129,120,154,153,125,143,141,128,250,223,170,150,110,61,158,158,146,233,234,229,238,231,223,255,201,106,190,174,140,184,178,166,240,245,248,104,44,18,244,252,241,136,90,56,176,165,147,252,246,248,145,128,46,232,218,215,213,152,85,196,185,155,209,196,180,167,123,94,222,212,177,86,91,9,0
220,220,196,237,222,129,67,35,22,163,159,85,111,108,65,86,83,68,162,145,76,243,179,169,192,202,165,203,202,184,240,236,224,154,148,100,230,197,143,176,135,89,174,110,62,255,255,239,236,157,140,208,194,129,125,125,123,164,105,61,179,177,138,101,93,72,120,122,111,134,117,89,188,141,85,0
231,213,177,238,221,178,155,120,80,74,72,49,131,113,75,219,181,144,199,178,151,213,188,147,224,197,154,180,157,115,195,171,133,158,135,93,132,106,73,105,75,23,126,109,65,186,164,140,180,156,128,242,218,180,184,157,128,155,123,85,121,97,63,122,101,72,191,169,132,120,91,51,201,177,143,0
78,49,17,78,56,35,162,135,92,195,169,132,197,168,136,158,138,105,158,131,102,182,159,118,196,179,149,212,188,150,219,203,170,228,213,182,68,56,40,140,123,95,98,84,55,105,81,43,223,207,182,241,221,194,110,88,51,160,137,121,107,96,64,176,139,97,143,125,89,148,127,96,161,141,104,0
71,51,40,196,159,114,225,193,154,84,58,21,153,134,101,171,157,110,158,144,95,201,177,143,59,34,3,219,193,156,227,205,164,175,144,89,171,143,93,179,156,102,186,164,125,189,172,128,213,185,138,94,65,25,194,166,127,114,89,49,172,148,114,249,238,210,159,140,98,220,196,152,201,167,129,0
41,37,34,121,107,78,133,124,91,122,107,76,111,75,51,17,18,23,154,139,54,85,52,0,143,134,103,125,85,49,114,128,131,41,37,0,104,64,5,115,101,74,87,46,0,130,120,85,120,116,87,131,123,86,95,46,5,108,59,19,102,92,56,147,136,108,151,66,35,150,72,33,205,192,173,0
69,59,47,79,70,55,49,39,3,56,43,27,63,53,41,220,169,148,123,107,73,139,137,112,119,114,84,74,62,48,136,81,60,177,178,160,144,84,34,34,57,65,185,177,102,127,72,33,215,209,195,49,70,65,154,93,62,74,84,47,123,96,51,107,95,47,91,51,0,139,59,34,75,89,53,0
158,147,127,210,195,188,223,215,196,140,139,93,93,89,54,194,147,67,249,231,193,181,143,120,164,120,93,178,161,81,208,183,129,227,189,116,119,117,68,116,112,49,207,168,77,202,169,134,70,10,2,160,112,27,135,131,93,174,145,65,208,173,115,121,90,62,177,163,134,138,129,90,174,169,103,0
192,188,177,174,168,144,102,109,57,83,87,26,55,54,6,187,164,148,200,169,151,166,128,81,157,89,44,67,59,20,203,186,82,51,26,4,87,41,5,96,88,26,134,134,62,42,39,4,100,34,2,175,79,39,211,163,101,253,215,132,238,208,110,128,63,7,97,27,2,128,124,53,77,59,21,0
56,37,31,62,47,50,121,128,87,63,62,5,140,137,96,84,52,3,48,16,1,180,132,109,118,81,0,200,182,120,215,186,120,135,102,31,125,73,23,94,98,14,160,126,54,162,81,54,139,107,6,129,48,29,242,224,178,197,163,118,225,188,146,236,208,168,89,62,41,92,84,37,216,188,138,0
79,82,39,128,135,83,86,102,27,0,1,0,172,164,161,61,64,7,192,170,156,88,72,38,128,88,53,163,134,118,153,158,76,175,142,73,16,6,7,97,78,35,235,178,111,159,149,96,77,78,18,137,46,17,74,65,68,196,121,79,167,145,131,147,121,88,147,50,15,67,67,17,183,161,150,0
73,83,33,78,86,37,86,86,32,138,134,97,122,133,127,72,58,21,28,0,1,190,168,129,78,79,48,214,140,15,171,140,122,152,113,22,204,171,94,236,210,89,200,138,19,80,31,0,73,63,53,173,83,59,197,170,117,146,117,99,143,61,21,128,102,75,119,63,2,137,121,72,40,41,27,0
109,106,71,72,74,37,97,98,67,168,112,111,211,182,65,69,67,46,159,159,133,146,123,105,43,56,73,42,40,28,111,112,96,108,110,86,252,239,223,171,175,152,76,52,48,34,33,38,191,186,180,123,118,98,230,191,152,120,63,33,27,43,66,202,134,59,78,68,79,122,69,19,151,147,120,0
167,135,0,170,141,65,90,42,2,237,201,115,143,136,120,91,100,43,254,221,64,132,72,61,205,173,13,156,137,131,236,232,221,242,193,153,186,106,71,150,99,68,147,119,97,182,64,14,120,94,43,169,121,73,91,41,18,222,159,88,174,104,42,193,114,47,173,105,56,155,129,52,201,140,75,0
133,127,101,111,97,50,191,189,102,181,177,132,240,206,46,115,103,45,241,234,180,126,95,31,108,100,35,241,211,61,139,107,48,186,192,146,144,134,23,178,142,48,234,215,147,231,193,70,204,135,78,140,97,29,184,137,85,242,216,141,133,145,109,181,126,62,167,167,53,127,94,41,164,125,58,0
215,192,158,141,123,77,165,129,93,120,127,76,140,129,83,153,108,85,112,80,33,75,29,0,103,105,42,68,57,29,169,152,64,167,148,79,35,30,0,148,106,66,203,178,49,59,54,48,181,140,88,200,181,63,174,102,43,192,164,31,195,181,132,147,110,55,125,76,33,195,130,90,203,142,85,0
121,132,76,131,152,157,82,92,40,189,204,199,68,87,101,122,117,113,255,235,94,62,89,96,75,89,56,140,112,90,114,140,153,97,49,29,54,58,41,86,94,53,168,115,9,171,90,73,156,107,40,140,144,169,67,63,18,181,115,5,185,86,55,71,95,82,83,98,79,92,90,51,100,94,42,0
136,124,42,155,141,70,144,95,54,180,188,147,153,121,74,138,141,124,162,115,73,145,125,98,216,189,60,246,210,162,218,215,172,121,87,42,30,45,38,165,100,72,139,84,0,78,70,57,180,127,57,111,138,157,144,84,47,140,75,19,94,108,72,143,135,112,54,97,113,166,102,40,162,120,70,0
76,67,60,102,135,154,206,175,173,122,137,142,86,104,108,146,165,169,90,82,43,152,165,174,153,63,36,142,57,36,109,70,53,227,189,80,152,118,46,161,61,38,123,44,13,139,84,43,141,80,23,138,84,38,185,200,203,76,85,102,97,123,140,39,72,89,199,226,221,183,175,162,51,71,80,0
248,214,116,232,215,146,184,174,77,219,187,148,223,182,138,155,122,41,232,221,165,184,143,61,236,203,108,145,119,62,106,69,17,196,178,116,112,109,54,218,192,141,154,113,34,52,51,20,99,88,43,91,61,37,113,125,63,164,109,16,254,213,131,246,239,169,33,30,13,110,119,56,139,115,51,0
225,209,193,158,90,43,113,67,18,167,148,30,31,26,0,209,198,116,213,168,39,222,211,95,179,155,21,87,105,55,43,71,92,66,63,20,88,38,1,103,90,11,89,90,48,70,99,115,106,126,73,128,61,32,149,118,53,97,93,48,70,104,132,101,114,45,55,33,0,226,210,150,201,166,38,0
159,126,72,184,126,52,123,74,0,142,106,72,181,128,88,147,113,52,178,108,57,81,62,6,150,122,72,143,100,66,114,85,29,193,133,47,86,64,23,140,113,58,118,95,43,132,102,50,222,168,78,159,105,7,144,151,55,89,73,39,145,116,58,156,89,8,176,111,17,236,212,150,230,206,108,0
110,84,51,215,189,154,230,203,173,243,219,173,173,116,27,58,27,9,104,68,16,237,185,112,235,232,217,154,148,132,72,73,77,73,75,74,71,75,76,117,106,84,137,138,72,96,91,49,174,93,64,105,66,11,41,31,30,36,16,18,130,102,52,186,99,72,112,83,43,175,100,69,84,71,54,0
92,63,23,144,110,75,65,50,11,191,158,113,83,59,25,212,171,127,198,173,80,247,209,124,75,75,39,194,155,90,119,104,83,126,110,95,214,162,76,158,162,112,205,186,91,104,86,74,65,54,32,156,132,32,72,64,18,189,140,73,118,90,50,116,88,48,225,201,101,107,104,53,219,149,53,0
220,194,145,57,27,0,214,193,126,75,56,39,203,179,135,84,59,52,72,46,21,30,28,29,184,140,67,102,73,55,49,45,18,82,64,26,59,53,19,86,70,44,144,122,109,70,59,41,69,56,40,199,189,177,78,68,56,89,73,47,83,73,48,226,211,178,147,140,132,80,68,56,62,43,26,0
176,110,58,237,119,79,200,144,95,223,113,76,79,37,13,55,41,38,230,92,55,255,211,120,164,98,63,214,185,83,120,100,93,210,89,44,76,28,5,104,32,7,141,103,84,123,101,103,220,97,64,60,21,4,73,36,18,102,67,47,112,93,86,205,98,54,111,50,29,114,40,13,149,100,67,0
192,80,42,28,11,19,125,99,42,146,106,80,167,132,102,35,30,37,145,112,107,145,115,91,150,122,101,98,76,55,81,83,61,137,109,95,82,47,7,151,114,98,103,45,23,93,112,129,34,19,16,79,52,45,71,30,12,105,59,46,73,98,105,78,59,55,45,31,22,55,38,31,107,90,83,0
71,69,46,105,121,137,74,87,103,85,98,117,95,127,148,109,135,158,39,56,72,90,98,100,61,82,103,82,109,139,79,41,20,79,45,0,174,75,34,113,28,8,129,122,116,98,84,84,34,20,19,97,59,38,99,60,45,92,81,77,44,57,66,65,64,69,82,80,83,163,162,168,107,125,145,0
66,68,31,188,186,112,188,188,134,163,168,110,201,187,161,51,89,112,39,33,7,92,92,30,103,100,85,147,115,56,92,128,150,118,117,50,147,146,79,156,119,137,146,80,2,103,107,74,120,112,63,85,69,20,146,121,125,146,99,53,162,160,75,105,110,30,128,93,55,133,95,120,205,149,112,0
46,38,15,197,184,88,141,150,61,190,189,109,39,48,29,52,45,19,206,191,110,109,105,70,140,146,50,129,126,81,59,104,127,166,164,126,139,141,57,114,126,42,142,131,69,165,114,33,193,130,51,123,128,36,116,120,25,209,141,60,203,139,65,219,165,77,126,125,35,179,186,72,214,212,153,0
150,138,88,103,103,41,151,146,82,186,198,126,116,109,65,71,83,61,204,201,134,126,124,76,80,74,40,154,113,129,127,132,112,212,213,147,137,109,88,163,143,134,76,69,59,76,78,41,227,209,97,201,152,182,242,206,96,168,117,54,133,128,46,152,140,66,198,148,99,170,108,121,190,138,63,0
205,204,140,86,88,13,143,150,57,195,197,124,65,64,62,134,127,73,155,148,104,198,196,155,76,77,33,82,77,84,190,192,127,204,195,162,197,199,133,122,123,55,68,73,76,193,192,144,173,139,93,194,195,127,129,121,84,38,77,110,133,111,61,150,122,72,142,146,62,97,95,12,99,136,152,0
152,143,104,185,178,108,186,187,130,169,173,96,180,186,112,211,136,53,185,166,89,127,122,80,169,169,119,99,99,97,136,137,93,173,185,183,131,130,73,112,120,107,91,113,110,117,123,75,143,153,84,38,49,55,137,165,168,166,175,84,121,136,141,122,147,152,98,94,82,71,98,107,145,161,176,0
167,150,122,184,183,126,205,197,132,165,170,103,18,11,5,139,92,112,144,126,78,178,181,112,174,176,101,86,82,71,165,109,148,173,157,121,133,133,73,168,171,126,73,73,71,157,91,129,176,122,60,122,124,49,169,170,104,174,177,120,138,86,109,131,101,47,136,140,46,187,178,121,167,170,113,0
190,183,128,81,78,59,194,177,134,87,85,46,101,108,74,109,104,98,118,107,77,215,149,153,190,149,121,66,49,39,99,100,84,157,135,85,99,97,38,162,119,85,88,83,79,118,80,41,208,184,156,147,136,82,206,184,170,150,102,53,145,142,97,120,84,62,161,122,107,163,142,123,181,180,124,0
202,184,76,244,211,108,190,189,133,43,38,16,122,113,58,120,64,5,161,100,55,201,197,150,160,133,90,147,86,128,187,122,80,166,90,54,188,189,149,210,201,162,87,83,74,170,163,145,188,171,117,202,177,51,167,174,120,125,129,53,171,164,145,202,187,164,199,171,38,171,172,141,131,135,48,0
66,68,31,188,186,112,188,188,134,163,168,110,201,187,161,51,89,112,39,33,7,92,92,30,103,100,85,147,115,56,92,128,150,118,117,50,147,146,79,156,119,137,146,80,2,103,107,74,120,112,63,85,69,20,146,121,125,146,99,53,162,160,75,105,110,30,128,93,55,133,95,120,205,149,112,0
